[{"name":"start_processing.action_controller","payload":{"controller":"FoldersController","action":"show","params":{"action":"show","controller":"folders","id":"227"},"format":"html","method":"GET","path":"/folders/227"},"time":"2013-10-25T15:56:16+03:00","transaction_id":"0766c1bd3c6b2d178adc","end":"2013-10-25T15:56:16+03:00","duration":0.0037400000000000003},{"name":"sql.active_record","payload":{"sql":"PRAGMA table_info(\"folders\")","name":"SCHEMA","connection_id":99056390,"binds":[]},"time":"2013-10-25T15:56:16+03:00","transaction_id":"0766c1bd3c6b2d178adc","end":"2013-10-25T15:56:16+03:00","duration":0.351663},{"name":"sql.active_record","payload":{"sql":"          SELECT name\n          FROM sqlite_master\n          WHERE type = 'table' AND NOT name = 'sqlite_sequence'\n AND name = \"folders\"","name":"SCHEMA","connection_id":99056390,"binds":[]},"time":"2013-10-25T15:56:16+03:00","transaction_id":"0766c1bd3c6b2d178adc","end":"2013-10-25T15:56:16+03:00","duration":0.08484699999999999},{"name":"sql.active_record","payload":{"sql":"PRAGMA table_info(\"folders\")","name":"SCHEMA","connection_id":99056390,"binds":[]},"time":"2013-10-25T15:56:16+03:00","transaction_id":"0766c1bd3c6b2d178adc","end":"2013-10-25T15:56:16+03:00","duration":0.054116000000000004},{"name":"sql.active_record","payload":{"sql":"SELECT  \"folders\".* FROM \"folders\"  WHERE \"folders\".\"id\" = ? LIMIT 1","name":"Folder Load","connection_id":99056390,"binds":[[{"name":"id","sql_type":"INTEGER","null":false,"limit":null,"precision":null,"scale":null,"type":"integer","default":null,"primary":true,"coder":null},"227"]]},"time":"2013-10-25T15:56:16+03:00","transaction_id":"0766c1bd3c6b2d178adc","end":"2013-10-25T15:56:16+03:00","duration":0.131464},{"name":"!render_template.action_view","payload":{"virtual_path":"folders/_folders","exception":["Slim::Parser::SyntaxError","Malformed indentation\n  /home/deployer/test_proj/file_navigator/app/views/folders/_folders.html.slim, Line 16, Column 9\n    '&nbsp\n    ^\n"]},"time":"2013-10-25T15:56:16+03:00","transaction_id":"0766c1bd3c6b2d178adc","end":"2013-10-25T15:56:16+03:00","duration":2.700568},{"name":"render_partial.action_view","payload":{"identifier":"/home/deployer/test_proj/file_navigator/app/views/folders/_folders.html.slim","exception":["ActionView::Template::Error","Malformed indentation\n  /home/deployer/test_proj/file_navigator/app/views/folders/_folders.html.slim, Line 16, Column 9\n    '&nbsp\n    ^\n"]},"time":"2013-10-25T15:56:16+03:00","transaction_id":"0766c1bd3c6b2d178adc","end":"2013-10-25T15:56:16+03:00","duration":2.796717},{"name":"!render_template.action_view","payload":{"virtual_path":"folders/show","exception":["ActionView::Template::Error","Malformed indentation\n  /home/deployer/test_proj/file_navigator/app/views/folders/_folders.html.slim, Line 16, Column 9\n    '&nbsp\n    ^\n"]},"time":"2013-10-25T15:56:16+03:00","transaction_id":"0766c1bd3c6b2d178adc","end":"2013-10-25T15:56:16+03:00","duration":4.465196000000001},{"name":"render_template.action_view","payload":{"identifier":"/home/deployer/test_proj/file_navigator/app/views/folders/show.html.slim","layout":"layouts/application","exception":["ActionView::Template::Error","Malformed indentation\n  /home/deployer/test_proj/file_navigator/app/views/folders/_folders.html.slim, Line 16, Column 9\n    '&nbsp\n    ^\n"]},"time":"2013-10-25T15:56:16+03:00","transaction_id":"0766c1bd3c6b2d178adc","end":"2013-10-25T15:56:16+03:00","duration":4.493703},{"name":"process_action.action_controller","payload":{"controller":"FoldersController","action":"show","params":{"action":"show","controller":"folders","id":"227"},"format":"html","method":"GET","path":"/folders/227","exception":["ActionView::Template::Error","Malformed indentation\n  /home/deployer/test_proj/file_navigator/app/views/folders/_folders.html.slim, Line 16, Column 9\n    '&nbsp\n    ^\n"],"status":"500"},"time":"2013-10-25T15:56:16+03:00","transaction_id":"0766c1bd3c6b2d178adc","end":"2013-10-25T15:56:16+03:00","duration":16.978729},"ActionView::Template::Error (Malformed indentation\n  /home/deployer/test_proj/file_navigator/app/views/folders/_folders.html.slim, Line 16, Column 9\n    '&nbsp\n    ^\n)","app/views/folders/show.html.slim:21:in `_app_views_folders_show_html_slim__296421443_87481810'","app/controllers/folders_controller.rb:65:in `show'"]