[{"name":"start_processing.action_controller","payload":{"controller":"ItemsController","action":"destroy","params":{"action":"destroy","controller":"items","id":"260"},"format":"js","method":"DELETE","path":"/items/260"},"time":"2013-10-25T15:57:37+03:00","transaction_id":"0766c1bd3c6b2d178adc","end":"2013-10-25T15:57:37+03:00","duration":0.004233},{"name":"sql.active_record","payload":{"sql":"SELECT  \"items\".* FROM \"items\"  WHERE \"items\".\"id\" = ? LIMIT 1","name":"Item Load","connection_id":98549610,"binds":[[{"name":"id","sql_type":"INTEGER","null":false,"limit":null,"precision":null,"scale":null,"type":"integer","default":null,"primary":true,"coder":null},"260"]]},"time":"2013-10-25T15:57:37+03:00","transaction_id":"0766c1bd3c6b2d178adc","end":"2013-10-25T15:57:37+03:00","duration":0.266993},{"name":"sql.active_record","payload":{"sql":"begin transaction","name":null,"connection_id":98549610,"binds":[]},"time":"2013-10-25T15:57:37+03:00","transaction_id":"0766c1bd3c6b2d178adc","end":"2013-10-25T15:57:37+03:00","duration":0.044774999999999995},{"name":"sql.active_record","payload":{"sql":"PRAGMA table_info(\"comments\")","name":"SCHEMA","connection_id":98549610,"binds":[]},"time":"2013-10-25T15:57:37+03:00","transaction_id":"0766c1bd3c6b2d178adc","end":"2013-10-25T15:57:37+03:00","duration":0.140332},{"name":"sql.active_record","payload":{"sql":"          SELECT name\n          FROM sqlite_master\n          WHERE type = 'table' AND NOT name = 'sqlite_sequence'\n AND name = \"comments\"","name":"SCHEMA","connection_id":98549610,"binds":[]},"time":"2013-10-25T15:57:37+03:00","transaction_id":"0766c1bd3c6b2d178adc","end":"2013-10-25T15:57:37+03:00","duration":0.16553400000000001},{"name":"sql.active_record","payload":{"sql":"PRAGMA table_info(\"comments\")","name":"SCHEMA","connection_id":98549610,"binds":[]},"time":"2013-10-25T15:57:37+03:00","transaction_id":"0766c1bd3c6b2d178adc","end":"2013-10-25T15:57:37+03:00","duration":0.061204999999999996},{"name":"sql.active_record","payload":{"sql":"SELECT \"comments\".* FROM \"comments\"  WHERE \"comments\".\"commentable_id\" = 260 AND \"comments\".\"commentable_type\" = 'Item'","name":"Comment Load","connection_id":98549610,"binds":[]},"time":"2013-10-25T15:57:37+03:00","transaction_id":"0766c1bd3c6b2d178adc","end":"2013-10-25T15:57:37+03:00","duration":0.090205},{"name":"sql.active_record","payload":{"sql":"DELETE FROM \"items\" WHERE \"items\".\"id\" = ?","name":"SQL","connection_id":98549610,"binds":[[{"name":"id","sql_type":"INTEGER","null":false,"limit":null,"precision":null,"scale":null,"type":"integer","default":null,"primary":true,"coder":null},260]]},"time":"2013-10-25T15:57:37+03:00","transaction_id":"0766c1bd3c6b2d178adc","end":"2013-10-25T15:57:37+03:00","duration":0.213567},{"name":"sql.active_record","payload":{"sql":"commit transaction","name":null,"connection_id":98549610,"binds":[]},"time":"2013-10-25T15:57:37+03:00","transaction_id":"0766c1bd3c6b2d178adc","end":"2013-10-25T15:57:37+03:00","duration":4.681304},{"name":"!render_template.action_view","payload":{"virtual_path":"items/destroy"},"time":"2013-10-25T15:57:37+03:00","transaction_id":"0766c1bd3c6b2d178adc","end":"2013-10-25T15:57:37+03:00","duration":0.44770299999999996},{"name":"render_template.action_view","payload":{"identifier":"/home/deployer/test_proj/file_navigator/app/views/items/destroy.js.erb","layout":null},"time":"2013-10-25T15:57:37+03:00","transaction_id":"0766c1bd3c6b2d178adc","end":"2013-10-25T15:57:37+03:00","duration":0.509084},{"name":"process_action.action_controller","payload":{"controller":"ItemsController","action":"destroy","params":{"action":"destroy","controller":"items","id":"260"},"format":"js","method":"DELETE","path":"/items/260","status":200,"view_runtime":4.416816,"db_runtime":5.663914999999999},"time":"2013-10-25T15:57:37+03:00","transaction_id":"0766c1bd3c6b2d178adc","end":"2013-10-25T15:57:37+03:00","duration":31.602632999999997}]