[{"name":"start_processing.action_controller","payload":{"controller":"FoldersController","action":"show","params":{"action":"show","controller":"folders","id":"227"},"format":"html","method":"GET","path":"/folders/227"},"time":"2013-10-25T15:56:40+03:00","transaction_id":"0766c1bd3c6b2d178adc","end":"2013-10-25T15:56:40+03:00","duration":0.002074},{"name":"sql.active_record","payload":{"sql":"SELECT  \"folders\".* FROM \"folders\"  WHERE \"folders\".\"id\" = ? LIMIT 1","name":"Folder Load","connection_id":99056390,"binds":[[{"name":"id","sql_type":"INTEGER","null":false,"limit":null,"precision":null,"scale":null,"type":"integer","default":null,"primary":true,"coder":null},"227"]]},"time":"2013-10-25T15:56:40+03:00","transaction_id":"0766c1bd3c6b2d178adc","end":"2013-10-25T15:56:40+03:00","duration":0.13244799999999998},{"name":"sql.active_record","payload":{"sql":"SELECT \"folders\".* FROM \"folders\"  WHERE \"folders\".\"ancestry\" = '227'","name":"Folder Load","connection_id":99056390,"binds":[]},"time":"2013-10-25T15:56:40+03:00","transaction_id":"0766c1bd3c6b2d178adc","end":"2013-10-25T15:56:40+03:00","duration":0.21939799999999998},{"name":"sql.active_record","payload":{"sql":"PRAGMA table_info(\"items\")","name":"SCHEMA","connection_id":99056390,"binds":[]},"time":"2013-10-25T15:56:40+03:00","transaction_id":"0766c1bd3c6b2d178adc","end":"2013-10-25T15:56:40+03:00","duration":0.13179700000000003},{"name":"sql.active_record","payload":{"sql":"          SELECT name\n          FROM sqlite_master\n          WHERE type = 'table' AND NOT name = 'sqlite_sequence'\n AND name = \"items\"","name":"SCHEMA","connection_id":99056390,"binds":[]},"time":"2013-10-25T15:56:40+03:00","transaction_id":"0766c1bd3c6b2d178adc","end":"2013-10-25T15:56:40+03:00","duration":0.152254},{"name":"sql.active_record","payload":{"sql":"PRAGMA table_info(\"items\")","name":"SCHEMA","connection_id":99056390,"binds":[]},"time":"2013-10-25T15:56:40+03:00","transaction_id":"0766c1bd3c6b2d178adc","end":"2013-10-25T15:56:40+03:00","duration":0.066119},{"name":"sql.active_record","payload":{"sql":"SELECT \"items\".* FROM \"items\"  WHERE \"items\".\"folder_id\" = 227","name":"Item Load","connection_id":99056390,"binds":[]},"time":"2013-10-25T15:56:40+03:00","transaction_id":"0766c1bd3c6b2d178adc","end":"2013-10-25T15:56:40+03:00","duration":0.12405200000000001},{"name":"!render_template.action_view","payload":{"virtual_path":"folders/_folders","exception":["NoMethodError","undefined method `download_folder_path' for #<#<Class:0xbd9a408>:0xbe441b0>"]},"time":"2013-10-25T15:56:40+03:00","transaction_id":"0766c1bd3c6b2d178adc","end":"2013-10-25T15:56:40+03:00","duration":118.29808299999999},{"name":"render_partial.action_view","payload":{"identifier":"/home/deployer/test_proj/file_navigator/app/views/folders/_folders.html.slim","exception":["ActionView::Template::Error","undefined method `download_folder_path' for #<#<Class:0xbd9a408>:0xbe441b0>"]},"time":"2013-10-25T15:56:40+03:00","transaction_id":"0766c1bd3c6b2d178adc","end":"2013-10-25T15:56:40+03:00","duration":129.958315},{"name":"!render_template.action_view","payload":{"virtual_path":"folders/show","exception":["ActionView::Template::Error","undefined method `download_folder_path' for #<#<Class:0xbd9a408>:0xbe441b0>"]},"time":"2013-10-25T15:56:40+03:00","transaction_id":"0766c1bd3c6b2d178adc","end":"2013-10-25T15:56:40+03:00","duration":132.703461},{"name":"render_template.action_view","payload":{"identifier":"/home/deployer/test_proj/file_navigator/app/views/folders/show.html.slim","layout":"layouts/application","exception":["ActionView::Template::Error","undefined method `download_folder_path' for #<#<Class:0xbd9a408>:0xbe441b0>"]},"time":"2013-10-25T15:56:40+03:00","transaction_id":"0766c1bd3c6b2d178adc","end":"2013-10-25T15:56:40+03:00","duration":132.732227},{"name":"process_action.action_controller","payload":{"controller":"FoldersController","action":"show","params":{"action":"show","controller":"folders","id":"227"},"format":"html","method":"GET","path":"/folders/227","exception":["ActionView::Template::Error","undefined method `download_folder_path' for #<#<Class:0xbd9a408>:0xbe441b0>"],"status":"500"},"time":"2013-10-25T15:56:40+03:00","transaction_id":"0766c1bd3c6b2d178adc","end":"2013-10-25T15:56:40+03:00","duration":135.821766},"ActionView::Template::Error (undefined method `download_folder_path' for #<#<Class:0xbd9a408>:0xbe441b0>)","app/views/folders/_folders.html.slim:16:in `block (2 levels) in _app_views_folders__folders_html_slim__1031011654_93011570'","app/views/folders/_folders.html.slim:3:in `block in _app_views_folders__folders_html_slim__1031011654_93011570'","app/views/folders/_folders.html.slim:2:in `_app_views_folders__folders_html_slim__1031011654_93011570'","app/views/folders/show.html.slim:21:in `_app_views_folders_show_html_slim__296421443_87481810'","app/controllers/folders_controller.rb:65:in `show'"]