[{"name":"start_processing.action_controller","payload":{"controller":"FoldersController","action":"download_file","params":{"item":"262","action":"download_file","controller":"folders"},"format":"html","method":"GET","path":"/download_file?item=262"},"time":"2013-10-25T15:46:34+03:00","transaction_id":"0766c1bd3c6b2d178adc","end":"2013-10-25T15:46:34+03:00","duration":0.002254},{"name":"sql.active_record","payload":{"sql":"SELECT  \"items\".* FROM \"items\"  WHERE \"items\".\"id\" = ? LIMIT 1","name":"Item Load","connection_id":98566740,"binds":[[{"name":"id","sql_type":"INTEGER","null":false,"limit":null,"precision":null,"scale":null,"type":"integer","default":null,"primary":true,"coder":null},"262"]]},"time":"2013-10-25T15:46:34+03:00","transaction_id":"0766c1bd3c6b2d178adc","end":"2013-10-25T15:46:34+03:00","duration":0.135474},{"name":"send_file.action_controller","payload":{"path":"/home/deployer/test_proj/file_navigator/archives/archive_1382705194.zip"},"time":"2013-10-25T15:46:34+03:00","transaction_id":"0766c1bd3c6b2d178adc","end":"2013-10-25T15:46:34+03:00","duration":0.143342},{"name":"process_action.action_controller","payload":{"controller":"FoldersController","action":"download_file","params":{"item":"262","action":"download_file","controller":"folders"},"format":"html","method":"GET","path":"/download_file?item=262","status":200,"view_runtime":null,"db_runtime":0.135474},"time":"2013-10-25T15:46:34+03:00","transaction_id":"0766c1bd3c6b2d178adc","end":"2013-10-25T15:46:34+03:00","duration":4.833429000000001}]