[{"name":"start_processing.action_controller","payload":{"controller":"FoldersController","action":"show","params":{"action":"show","controller":"folders","id":"227"},"format":"html","method":"GET","path":"/folders/227"},"time":"2013-10-25T15:56:32+03:00","transaction_id":"0766c1bd3c6b2d178adc","end":"2013-10-25T15:56:32+03:00","duration":0.0022180000000000004},{"name":"sql.active_record","payload":{"sql":"SELECT  \"folders\".* FROM \"folders\"  WHERE \"folders\".\"id\" = ? LIMIT 1","name":"Folder Load","connection_id":99056390,"binds":[[{"name":"id","sql_type":"INTEGER","null":false,"limit":null,"precision":null,"scale":null,"type":"integer","default":null,"primary":true,"coder":null},"227"]]},"time":"2013-10-25T15:56:32+03:00","transaction_id":"0766c1bd3c6b2d178adc","end":"2013-10-25T15:56:32+03:00","duration":0.178445},{"name":"!render_template.action_view","payload":{"virtual_path":"folders/_folders","exception":["Slim::Parser::SyntaxError","Malformed indentation\n  /home/deployer/test_proj/file_navigator/app/views/folders/_folders.html.slim, Line 16, Column 9\n    '&nbsp\n    ^\n"]},"time":"2013-10-25T15:56:32+03:00","transaction_id":"0766c1bd3c6b2d178adc","end":"2013-10-25T15:56:32+03:00","duration":2.994625},{"name":"render_partial.action_view","payload":{"identifier":"/home/deployer/test_proj/file_navigator/app/views/folders/_folders.html.slim","exception":["ActionView::Template::Error","Malformed indentation\n  /home/deployer/test_proj/file_navigator/app/views/folders/_folders.html.slim, Line 16, Column 9\n    '&nbsp\n    ^\n"]},"time":"2013-10-25T15:56:32+03:00","transaction_id":"0766c1bd3c6b2d178adc","end":"2013-10-25T15:56:32+03:00","duration":3.093475},{"name":"!render_template.action_view","payload":{"virtual_path":"folders/show","exception":["ActionView::Template::Error","Malformed indentation\n  /home/deployer/test_proj/file_navigator/app/views/folders/_folders.html.slim, Line 16, Column 9\n    '&nbsp\n    ^\n"]},"time":"2013-10-25T15:56:32+03:00","transaction_id":"0766c1bd3c6b2d178adc","end":"2013-10-25T15:56:32+03:00","duration":9.113731999999999},{"name":"render_template.action_view","payload":{"identifier":"/home/deployer/test_proj/file_navigator/app/views/folders/show.html.slim","layout":"layouts/application","exception":["ActionView::Template::Error","Malformed indentation\n  /home/deployer/test_proj/file_navigator/app/views/folders/_folders.html.slim, Line 16, Column 9\n    '&nbsp\n    ^\n"]},"time":"2013-10-25T15:56:32+03:00","transaction_id":"0766c1bd3c6b2d178adc","end":"2013-10-25T15:56:32+03:00","duration":9.140172999999999},{"name":"process_action.action_controller","payload":{"controller":"FoldersController","action":"show","params":{"action":"show","controller":"folders","id":"227"},"format":"html","method":"GET","path":"/folders/227","exception":["ActionView::Template::Error","Malformed indentation\n  /home/deployer/test_proj/file_navigator/app/views/folders/_folders.html.slim, Line 16, Column 9\n    '&nbsp\n    ^\n"],"status":"500"},"time":"2013-10-25T15:56:32+03:00","transaction_id":"0766c1bd3c6b2d178adc","end":"2013-10-25T15:56:32+03:00","duration":12.171911},"ActionView::Template::Error (Malformed indentation\n  /home/deployer/test_proj/file_navigator/app/views/folders/_folders.html.slim, Line 16, Column 9\n    '&nbsp\n    ^\n)","app/views/folders/show.html.slim:21:in `_app_views_folders_show_html_slim__296421443_87481810'","app/controllers/folders_controller.rb:65:in `show'"]