[{"name":"start_processing.action_controller","payload":{"controller":"FoldersController","action":"show","params":{"action":"show","controller":"folders","id":"227"},"format":"html","method":"GET","path":"/folders/227"},"time":"2013-10-25T15:46:36+03:00","transaction_id":"0766c1bd3c6b2d178adc","end":"2013-10-25T15:46:36+03:00","duration":0.0019199999999999998},{"name":"sql.active_record","payload":{"sql":"SELECT  \"folders\".* FROM \"folders\"  WHERE \"folders\".\"id\" = ? LIMIT 1","name":"Folder Load","connection_id":98566740,"binds":[[{"name":"id","sql_type":"INTEGER","null":false,"limit":null,"precision":null,"scale":null,"type":"integer","default":null,"primary":true,"coder":null},"227"]]},"time":"2013-10-25T15:46:36+03:00","transaction_id":"0766c1bd3c6b2d178adc","end":"2013-10-25T15:46:36+03:00","duration":0.125969},{"name":"sql.active_record","payload":{"sql":"SELECT \"folders\".* FROM \"folders\"  WHERE \"folders\".\"ancestry\" = '227'","name":"Folder Load","connection_id":98566740,"binds":[]},"time":"2013-10-25T15:46:36+03:00","transaction_id":"0766c1bd3c6b2d178adc","end":"2013-10-25T15:46:36+03:00","duration":0.275329},{"name":"sql.active_record","payload":{"sql":"SELECT \"items\".* FROM \"items\"  WHERE \"items\".\"folder_id\" = 227","name":"Item Load","connection_id":98566740,"binds":[]},"time":"2013-10-25T15:46:36+03:00","transaction_id":"0766c1bd3c6b2d178adc","end":"2013-10-25T15:46:36+03:00","duration":0.232096},{"name":"!render_template.action_view","payload":{"virtual_path":"items/_items"},"time":"2013-10-25T15:46:36+03:00","transaction_id":"0766c1bd3c6b2d178adc","end":"2013-10-25T15:46:36+03:00","duration":9.774726},{"name":"render_partial.action_view","payload":{"identifier":"/home/deployer/test_proj/file_navigator/app/views/items/_items.html.slim"},"time":"2013-10-25T15:46:36+03:00","transaction_id":"0766c1bd3c6b2d178adc","end":"2013-10-25T15:46:36+03:00","duration":9.888947},{"name":"sql.active_record","payload":{"sql":"SELECT \"items\".\"item_file_name\" FROM \"items\" ","name":null,"connection_id":98566740,"binds":[]},"time":"2013-10-25T15:46:36+03:00","transaction_id":"0766c1bd3c6b2d178adc","end":"2013-10-25T15:46:36+03:00","duration":0.22697900000000001},{"name":"sql.active_record","payload":{"sql":"SELECT \"items\".* FROM \"items\"  WHERE (item_file_name like ('%.jpg'))","name":"Item Load","connection_id":98566740,"binds":[]},"time":"2013-10-25T15:46:36+03:00","transaction_id":"0766c1bd3c6b2d178adc","end":"2013-10-25T15:46:36+03:00","duration":0.124605},{"name":"sql.active_record","payload":{"sql":"SELECT \"items\".* FROM \"items\"  WHERE (item_file_name like ('%.lnk'))","name":"Item Load","connection_id":98566740,"binds":[]},"time":"2013-10-25T15:46:36+03:00","transaction_id":"0766c1bd3c6b2d178adc","end":"2013-10-25T15:46:36+03:00","duration":0.131982},{"name":"sql.active_record","payload":{"sql":"SELECT \"items\".* FROM \"items\"  WHERE (item_file_name like ('%.xlsx'))","name":"Item Load","connection_id":98566740,"binds":[]},"time":"2013-10-25T15:46:36+03:00","transaction_id":"0766c1bd3c6b2d178adc","end":"2013-10-25T15:46:36+03:00","duration":0.11631},{"name":"!render_template.action_view","payload":{"virtual_path":"folders/_folders"},"time":"2013-10-25T15:46:36+03:00","transaction_id":"0766c1bd3c6b2d178adc","end":"2013-10-25T15:46:36+03:00","duration":19.166342999999998},{"name":"render_partial.action_view","payload":{"identifier":"/home/deployer/test_proj/file_navigator/app/views/folders/_folders.html.slim"},"time":"2013-10-25T15:46:36+03:00","transaction_id":"0766c1bd3c6b2d178adc","end":"2013-10-25T15:46:36+03:00","duration":19.31924},{"name":"!render_template.action_view","payload":{"virtual_path":"folders/show"},"time":"2013-10-25T15:46:36+03:00","transaction_id":"0766c1bd3c6b2d178adc","end":"2013-10-25T15:46:36+03:00","duration":21.218303000000002},{"name":"render_template.action_view","payload":{"identifier":"/home/deployer/test_proj/file_navigator/app/views/folders/show.html.slim","layout":"layouts/application"},"time":"2013-10-25T15:46:36+03:00","transaction_id":"0766c1bd3c6b2d178adc","end":"2013-10-25T15:46:36+03:00","duration":21.240893},{"name":"!render_template.action_view","payload":{"virtual_path":"layouts/_header"},"time":"2013-10-25T15:46:37+03:00","transaction_id":"0766c1bd3c6b2d178adc","end":"2013-10-25T15:46:37+03:00","duration":0.561354},{"name":"render_partial.action_view","payload":{"identifier":"/home/deployer/test_proj/file_navigator/app/views/layouts/_header.html.slim"},"time":"2013-10-25T15:46:37+03:00","transaction_id":"0766c1bd3c6b2d178adc","end":"2013-10-25T15:46:37+03:00","duration":0.648357},{"name":"!render_template.action_view","payload":{"virtual_path":"layouts/_flash"},"time":"2013-10-25T15:46:37+03:00","transaction_id":"0766c1bd3c6b2d178adc","end":"2013-10-25T15:46:37+03:00","duration":0.024755},{"name":"render_partial.action_view","payload":{"identifier":"/home/deployer/test_proj/file_navigator/app/views/layouts/_flash.html.slim"},"time":"2013-10-25T15:46:37+03:00","transaction_id":"0766c1bd3c6b2d178adc","end":"2013-10-25T15:46:37+03:00","duration":0.058926},{"name":"!render_template.action_view","payload":{"virtual_path":"layouts/application"},"time":"2013-10-25T15:46:36+03:00","transaction_id":"0766c1bd3c6b2d178adc","end":"2013-10-25T15:46:37+03:00","duration":100.232067},{"name":"process_action.action_controller","payload":{"controller":"FoldersController","action":"show","params":{"action":"show","controller":"folders","id":"227"},"format":"html","method":"GET","path":"/folders/227","status":200,"view_runtime":121.946945,"db_runtime":1.2332699999999999},"time":"2013-10-25T15:46:36+03:00","transaction_id":"0766c1bd3c6b2d178adc","end":"2013-10-25T15:46:37+03:00","duration":125.041557}]