[{"name":"start_processing.action_controller","payload":{"controller":"ItemsController","action":"destroy","params":{"action":"destroy","controller":"items","id":"262"},"format":"js","method":"DELETE","path":"/items/262"},"time":"2013-10-25T15:57:48+03:00","transaction_id":"0766c1bd3c6b2d178adc","end":"2013-10-25T15:57:48+03:00","duration":0.002978},{"name":"sql.active_record","payload":{"sql":"SELECT  \"items\".* FROM \"items\"  WHERE \"items\".\"id\" = ? LIMIT 1","name":"Item Load","connection_id":98549610,"binds":[[{"name":"id","sql_type":"INTEGER","null":false,"limit":null,"precision":null,"scale":null,"type":"integer","default":null,"primary":true,"coder":null},"262"]]},"time":"2013-10-25T15:57:48+03:00","transaction_id":"0766c1bd3c6b2d178adc","end":"2013-10-25T15:57:48+03:00","duration":0.141607},{"name":"sql.active_record","payload":{"sql":"begin transaction","name":null,"connection_id":98549610,"binds":[]},"time":"2013-10-25T15:57:48+03:00","transaction_id":"0766c1bd3c6b2d178adc","end":"2013-10-25T15:57:48+03:00","duration":0.070132},{"name":"sql.active_record","payload":{"sql":"SELECT \"comments\".* FROM \"comments\"  WHERE \"comments\".\"commentable_id\" = 262 AND \"comments\".\"commentable_type\" = 'Item'","name":"Comment Load","connection_id":98549610,"binds":[]},"time":"2013-10-25T15:57:48+03:00","transaction_id":"0766c1bd3c6b2d178adc","end":"2013-10-25T15:57:48+03:00","duration":3.3530439999999997},{"name":"sql.active_record","payload":{"sql":"DELETE FROM \"items\" WHERE \"items\".\"id\" = ?","name":"SQL","connection_id":98549610,"binds":[[{"name":"id","sql_type":"INTEGER","null":false,"limit":null,"precision":null,"scale":null,"type":"integer","default":null,"primary":true,"coder":null},262]]},"time":"2013-10-25T15:57:48+03:00","transaction_id":"0766c1bd3c6b2d178adc","end":"2013-10-25T15:57:48+03:00","duration":0.209533},{"name":"sql.active_record","payload":{"sql":"commit transaction","name":null,"connection_id":98549610,"binds":[]},"time":"2013-10-25T15:57:48+03:00","transaction_id":"0766c1bd3c6b2d178adc","end":"2013-10-25T15:57:48+03:00","duration":3.610808},{"name":"!render_template.action_view","payload":{"virtual_path":"items/destroy"},"time":"2013-10-25T15:57:48+03:00","transaction_id":"0766c1bd3c6b2d178adc","end":"2013-10-25T15:57:48+03:00","duration":0.059248},{"name":"render_template.action_view","payload":{"identifier":"/home/deployer/test_proj/file_navigator/app/views/items/destroy.js.erb","layout":null},"time":"2013-10-25T15:57:48+03:00","transaction_id":"0766c1bd3c6b2d178adc","end":"2013-10-25T15:57:48+03:00","duration":0.097399},{"name":"process_action.action_controller","payload":{"controller":"ItemsController","action":"destroy","params":{"action":"destroy","controller":"items","id":"262"},"format":"js","method":"DELETE","path":"/items/262","status":200,"view_runtime":2.012317,"db_runtime":7.385123999999999},"time":"2013-10-25T15:57:48+03:00","transaction_id":"0766c1bd3c6b2d178adc","end":"2013-10-25T15:57:48+03:00","duration":81.18185799999999}]