[{"name":"start_processing.action_controller","payload":{"controller":"ItemsController","action":"destroy","params":{"action":"destroy","controller":"items","id":"261"},"format":"js","method":"DELETE","path":"/items/261"},"time":"2013-10-25T15:57:53+03:00","transaction_id":"0766c1bd3c6b2d178adc","end":"2013-10-25T15:57:53+03:00","duration":0.0023250000000000002},{"name":"sql.active_record","payload":{"sql":"SELECT  \"items\".* FROM \"items\"  WHERE \"items\".\"id\" = ? LIMIT 1","name":"Item Load","connection_id":98549610,"binds":[[{"name":"id","sql_type":"INTEGER","null":false,"limit":null,"precision":null,"scale":null,"type":"integer","default":null,"primary":true,"coder":null},"261"]]},"time":"2013-10-25T15:57:53+03:00","transaction_id":"0766c1bd3c6b2d178adc","end":"2013-10-25T15:57:53+03:00","duration":0.127608},{"name":"sql.active_record","payload":{"sql":"begin transaction","name":null,"connection_id":98549610,"binds":[]},"time":"2013-10-25T15:57:53+03:00","transaction_id":"0766c1bd3c6b2d178adc","end":"2013-10-25T15:57:53+03:00","duration":0.059092000000000006},{"name":"sql.active_record","payload":{"sql":"SELECT \"comments\".* FROM \"comments\"  WHERE \"comments\".\"commentable_id\" = 261 AND \"comments\".\"commentable_type\" = 'Item'","name":"Comment Load","connection_id":98549610,"binds":[]},"time":"2013-10-25T15:57:53+03:00","transaction_id":"0766c1bd3c6b2d178adc","end":"2013-10-25T15:57:53+03:00","duration":0.258054},{"name":"sql.active_record","payload":{"sql":"DELETE FROM \"items\" WHERE \"items\".\"id\" = ?","name":"SQL","connection_id":98549610,"binds":[[{"name":"id","sql_type":"INTEGER","null":false,"limit":null,"precision":null,"scale":null,"type":"integer","default":null,"primary":true,"coder":null},261]]},"time":"2013-10-25T15:57:53+03:00","transaction_id":"0766c1bd3c6b2d178adc","end":"2013-10-25T15:57:53+03:00","duration":0.150762},{"name":"sql.active_record","payload":{"sql":"commit transaction","name":null,"connection_id":98549610,"binds":[]},"time":"2013-10-25T15:57:53+03:00","transaction_id":"0766c1bd3c6b2d178adc","end":"2013-10-25T15:57:53+03:00","duration":5.121322999999999},{"name":"!render_template.action_view","payload":{"virtual_path":"items/destroy"},"time":"2013-10-25T15:57:53+03:00","transaction_id":"0766c1bd3c6b2d178adc","end":"2013-10-25T15:57:53+03:00","duration":0.04748},{"name":"render_template.action_view","payload":{"identifier":"/home/deployer/test_proj/file_navigator/app/views/items/destroy.js.erb","layout":null},"time":"2013-10-25T15:57:53+03:00","transaction_id":"0766c1bd3c6b2d178adc","end":"2013-10-25T15:57:53+03:00","duration":0.087761},{"name":"process_action.action_controller","payload":{"controller":"ItemsController","action":"destroy","params":{"action":"destroy","controller":"items","id":"261"},"format":"js","method":"DELETE","path":"/items/261","status":200,"view_runtime":2.217101,"db_runtime":5.716838999999999},"time":"2013-10-25T15:57:53+03:00","transaction_id":"0766c1bd3c6b2d178adc","end":"2013-10-25T15:57:53+03:00","duration":16.766047}]