[{"name":"start_processing.action_controller","payload":{"controller":"FoldersController","action":"show","params":{"action":"show","controller":"folders","id":"227"},"format":"html","method":"GET","path":"/folders/227"},"time":"2013-10-25T15:57:29+03:00","transaction_id":"0766c1bd3c6b2d178adc","end":"2013-10-25T15:57:29+03:00","duration":0.004087},{"name":"sql.active_record","payload":{"sql":"PRAGMA table_info(\"folders\")","name":"SCHEMA","connection_id":98549610,"binds":[]},"time":"2013-10-25T15:57:29+03:00","transaction_id":"0766c1bd3c6b2d178adc","end":"2013-10-25T15:57:29+03:00","duration":0.579974},{"name":"sql.active_record","payload":{"sql":"          SELECT name\n          FROM sqlite_master\n          WHERE type = 'table' AND NOT name = 'sqlite_sequence'\n AND name = \"folders\"","name":"SCHEMA","connection_id":98549610,"binds":[]},"time":"2013-10-25T15:57:29+03:00","transaction_id":"0766c1bd3c6b2d178adc","end":"2013-10-25T15:57:29+03:00","duration":0.169444},{"name":"sql.active_record","payload":{"sql":"PRAGMA table_info(\"folders\")","name":"SCHEMA","connection_id":98549610,"binds":[]},"time":"2013-10-25T15:57:29+03:00","transaction_id":"0766c1bd3c6b2d178adc","end":"2013-10-25T15:57:29+03:00","duration":0.076208},{"name":"sql.active_record","payload":{"sql":"SELECT  \"folders\".* FROM \"folders\"  WHERE \"folders\".\"id\" = ? LIMIT 1","name":"Folder Load","connection_id":98549610,"binds":[[{"name":"id","sql_type":"INTEGER","null":false,"limit":null,"precision":null,"scale":null,"type":"integer","default":null,"primary":true,"coder":null},"227"]]},"time":"2013-10-25T15:57:29+03:00","transaction_id":"0766c1bd3c6b2d178adc","end":"2013-10-25T15:57:29+03:00","duration":0.144739},{"name":"sql.active_record","payload":{"sql":"SELECT \"folders\".* FROM \"folders\"  WHERE \"folders\".\"ancestry\" = '227'","name":"Folder Load","connection_id":98549610,"binds":[]},"time":"2013-10-25T15:57:29+03:00","transaction_id":"0766c1bd3c6b2d178adc","end":"2013-10-25T15:57:29+03:00","duration":0.233231},{"name":"sql.active_record","payload":{"sql":"PRAGMA table_info(\"items\")","name":"SCHEMA","connection_id":98549610,"binds":[]},"time":"2013-10-25T15:57:29+03:00","transaction_id":"0766c1bd3c6b2d178adc","end":"2013-10-25T15:57:29+03:00","duration":0.19533699999999998},{"name":"sql.active_record","payload":{"sql":"          SELECT name\n          FROM sqlite_master\n          WHERE type = 'table' AND NOT name = 'sqlite_sequence'\n AND name = \"items\"","name":"SCHEMA","connection_id":98549610,"binds":[]},"time":"2013-10-25T15:57:29+03:00","transaction_id":"0766c1bd3c6b2d178adc","end":"2013-10-25T15:57:29+03:00","duration":0.218592},{"name":"sql.active_record","payload":{"sql":"PRAGMA table_info(\"items\")","name":"SCHEMA","connection_id":98549610,"binds":[]},"time":"2013-10-25T15:57:29+03:00","transaction_id":"0766c1bd3c6b2d178adc","end":"2013-10-25T15:57:29+03:00","duration":0.06438},{"name":"sql.active_record","payload":{"sql":"SELECT \"items\".* FROM \"items\"  WHERE \"items\".\"folder_id\" = 227","name":"Item Load","connection_id":98549610,"binds":[]},"time":"2013-10-25T15:57:29+03:00","transaction_id":"0766c1bd3c6b2d178adc","end":"2013-10-25T15:57:29+03:00","duration":0.194928},{"name":"!render_template.action_view","payload":{"virtual_path":"items/_items"},"time":"2013-10-25T15:57:29+03:00","transaction_id":"0766c1bd3c6b2d178adc","end":"2013-10-25T15:57:29+03:00","duration":42.384803},{"name":"render_partial.action_view","payload":{"identifier":"/home/deployer/test_proj/file_navigator/app/views/items/_items.html.slim"},"time":"2013-10-25T15:57:29+03:00","transaction_id":"0766c1bd3c6b2d178adc","end":"2013-10-25T15:57:29+03:00","duration":42.456148999999996},{"name":"sql.active_record","payload":{"sql":"SELECT \"items\".\"item_file_name\" FROM \"items\" ","name":null,"connection_id":98549610,"binds":[]},"time":"2013-10-25T15:57:29+03:00","transaction_id":"0766c1bd3c6b2d178adc","end":"2013-10-25T15:57:29+03:00","duration":0.235152},{"name":"sql.active_record","payload":{"sql":"SELECT \"items\".* FROM \"items\"  WHERE (item_file_name like ('%.jpg'))","name":"Item Load","connection_id":98549610,"binds":[]},"time":"2013-10-25T15:57:29+03:00","transaction_id":"0766c1bd3c6b2d178adc","end":"2013-10-25T15:57:29+03:00","duration":0.121616},{"name":"sql.active_record","payload":{"sql":"SELECT \"items\".* FROM \"items\"  WHERE (item_file_name like ('%.lnk'))","name":"Item Load","connection_id":98549610,"binds":[]},"time":"2013-10-25T15:57:29+03:00","transaction_id":"0766c1bd3c6b2d178adc","end":"2013-10-25T15:57:29+03:00","duration":0.108719},{"name":"sql.active_record","payload":{"sql":"SELECT \"items\".* FROM \"items\"  WHERE (item_file_name like ('%.xlsx'))","name":"Item Load","connection_id":98549610,"binds":[]},"time":"2013-10-25T15:57:29+03:00","transaction_id":"0766c1bd3c6b2d178adc","end":"2013-10-25T15:57:29+03:00","duration":0.10725799999999999},{"name":"!render_template.action_view","payload":{"virtual_path":"folders/_folders"},"time":"2013-10-25T15:57:29+03:00","transaction_id":"0766c1bd3c6b2d178adc","end":"2013-10-25T15:57:29+03:00","duration":50.886047},{"name":"render_partial.action_view","payload":{"identifier":"/home/deployer/test_proj/file_navigator/app/views/folders/_folders.html.slim"},"time":"2013-10-25T15:57:29+03:00","transaction_id":"0766c1bd3c6b2d178adc","end":"2013-10-25T15:57:29+03:00","duration":50.912987},{"name":"!render_template.action_view","payload":{"virtual_path":"folders/show"},"time":"2013-10-25T15:57:29+03:00","transaction_id":"0766c1bd3c6b2d178adc","end":"2013-10-25T15:57:29+03:00","duration":52.460516},{"name":"render_template.action_view","payload":{"identifier":"/home/deployer/test_proj/file_navigator/app/views/folders/show.html.slim","layout":"layouts/application"},"time":"2013-10-25T15:57:29+03:00","transaction_id":"0766c1bd3c6b2d178adc","end":"2013-10-25T15:57:29+03:00","duration":52.497983999999995},{"name":"!render_template.action_view","payload":{"virtual_path":"layouts/_header"},"time":"2013-10-25T15:57:29+03:00","transaction_id":"0766c1bd3c6b2d178adc","end":"2013-10-25T15:57:29+03:00","duration":0.40882599999999997},{"name":"render_partial.action_view","payload":{"identifier":"/home/deployer/test_proj/file_navigator/app/views/layouts/_header.html.slim"},"time":"2013-10-25T15:57:29+03:00","transaction_id":"0766c1bd3c6b2d178adc","end":"2013-10-25T15:57:29+03:00","duration":0.466319},{"name":"!render_template.action_view","payload":{"virtual_path":"layouts/_flash"},"time":"2013-10-25T15:57:29+03:00","transaction_id":"0766c1bd3c6b2d178adc","end":"2013-10-25T15:57:29+03:00","duration":0.016187},{"name":"render_partial.action_view","payload":{"identifier":"/home/deployer/test_proj/file_navigator/app/views/layouts/_flash.html.slim"},"time":"2013-10-25T15:57:29+03:00","transaction_id":"0766c1bd3c6b2d178adc","end":"2013-10-25T15:57:29+03:00","duration":0.039474999999999996},{"name":"!render_template.action_view","payload":{"virtual_path":"layouts/application"},"time":"2013-10-25T15:57:29+03:00","transaction_id":"0766c1bd3c6b2d178adc","end":"2013-10-25T15:57:29+03:00","duration":94.712953},{"name":"process_action.action_controller","payload":{"controller":"FoldersController","action":"show","params":{"action":"show","controller":"folders","id":"227"},"format":"html","method":"GET","path":"/folders/227","status":200,"view_runtime":148.691171,"db_runtime":2.449578},"time":"2013-10-25T15:57:29+03:00","transaction_id":"0766c1bd3c6b2d178adc","end":"2013-10-25T15:57:29+03:00","duration":161.300477}]